Hours_Studied,Test_Grade
02.02,0.24219013
02.04,-0.06770576
02.06,-0.12953604
02.08,-0.15714064
3,-0.16565291
03.02,-0.16057907
03.04,-0.15058705
03.06,-0.13661971
03.08,-0.09285862
4,-0.05948629
04.05,-0.02594144
6,-0.01112647
8,-0.00497016